{
    "manifest_version": 2,
    "name": "chrome-ext",
    "description": "chrome extension",
    "version": "0.0.1",
    "options_page": "options.html",
    "background": {
        "scripts": ["background/hot-reload.js","background/index.js"]
    },
    "browser_action": {
        "default_popup": "popup.html"
    },
    "content_scripts": [{
        "matches": [
            "https://www.baidu.com/*"
        ],
        "js": [
            "js/content.js"
        ],
        "css": [
            "css/content.css"
        ],
        "run_at": "document_end"
    }]
}