{
    "manifest_version": 2,
    "name": "chrome-ext",
    "description": "chrome extension",
    "version": "0.0.1",
    "options_page": "options.html",
    "icons": {
        "16": "images/logo.png",
        "48": "images/logo.png",
        "128": "images/logo.png"
    },
    "devtools_page": "devtools.html",
    "background": {
        "scripts": ["background/hot-reload.js", "background/index.js"]
    },
    "browser_action": {
        "default_popup": "popup.html"
    },
    "content_scripts": [{
        "matches": [
            "https://www.baidu.com/*",
            "https://www.zhihu.com/*",
            "https://aline.mshengedu.com/yunkaiadmin/*"
        ],
        "js": [
            "js/content.js"
        ],
        "css": [
            "css/content.css"
        ],
        "run_at": "document_end"
    }],
    "content_security_policy": "script-src 'self' 'unsafe-eval'; object-src 'self'"
}